Order_ID,Return_Date
60651,2016-10-01
52042,2019-09-04
58669,2020-07-26
51115,2022-01-03
63903,2017-05-07
61964,2015-12-09
61073,2024-10-20
53003,2016-10-08
69772,2017-11-03
58116,2016-08-05
53526,2017-11-07
57880,2019-03-24
66442,2024-07-22
66297,2015-01-29
62567,2021-11-24
55253,2017-01-05
69394,2015-01-22
66797,2019-10-05
58095,2020-03-14
50323,2021-08-22
59924,2018-11-07
57460,2020-03-07
69025,2024-05-28
67554,2021-02-11
59120,2024-12-09
66422,2017-05-23
66061,2019-07-29
60121,2017-12-21
69056,2016-02-17
53650,2020-01-06
53942,2020-07-24
67881,2017-11-15
66676,2024-03-02
62631,2023-01-02
61444,2023-04-01
62158,2024-02-27
63836,2020-05-23
53435,2018-11-15
68740,2022-05-23
67408,2024-09-01
65441,2016-03-29
60407,2016-03-18
56518,2024-02-05
50972,2023-07-15
66488,2024-09-22
69731,2016-12-15
63138,2023-07-25
53670,2020-02-20
65984,2019-09-06
54059,2020-06-03
64977,2023-03-04
65699,2017-04-17
63830,2022-07-23
63420,2023-02-20
50961,2015-09-26
67745,2017-04-11
59865,2022-07-01
61264,2019-08-28
65783,2024-09-22
67197,2019-11-12
57555,2023-03-12
60499,2023-12-02
67060,2022-06-01
67929,2017-01-17
57086,2020-04-20
64754,2023-07-08
54520,2019-11-05
53025,2023-08-05
62122,2019-06-28
68495,2018-12-31
55484,2022-04-02
51420,2018-09-07
56210,2017-01-08
60743,2024-04-05
66144,2019-05-01
67618,2025-01-16
64569,2019-07-16
50981,2017-06-23
52784,2015-10-25
57714,2018-03-14
61519,2022-10-02
58601,2015-10-14
61641,2017-01-14
68831,2024-01-28
62563,2023-07-15
62752,2019-03-20
56385,2024-10-27
54808,2021-10-19
56196,2023-05-18
60649,2020-05-28
57568,2022-01-22
66398,2024-05-20
67525,2019-01-24
51347,2022-03-21
63125,2016-11-27
62674,2017-12-17
65456,2022-07-07
64002,2021-02-10
68622,2016-03-22
52120,2022-04-24
65305,2020-05-21
54310,2024-06-27
54485,2024-09-11
61014,2021-04-11
54771,2020-03-23
52713,2016-01-18
62187,2022-10-20
66616,2016-04-14
60948,2022-08-15
52546,2019-07-09
62620,2015-12-01
59852,2017-06-23
54411,2015-03-28
69648,2016-08-02
62345,2024-05-17
62408,2016-10-27
59611,2016-05-26
60719,2021-03-19
57572,2024-09-18
53571,2022-08-28
58603,2020-08-24
53560,2020-11-04
54992,2017-12-12
57440,2019-08-22
59326,2016-10-21
52301,2022-06-02
57667,2016-10-03
55805,2023-05-04
62023,2016-08-06
65538,2015-08-12
59758,2022-11-19
62015,2023-03-28
55212,2018-03-03
61549,2024-12-27
62367,2023-08-16
59271,2015-04-13
53976,2015-11-19
66091,2016-09-13
67233,2022-12-16
67444,2019-02-10
63657,2020-08-07
65646,2023-04-26
52731,2018-04-20
53299,2023-10-05
58957,2017-08-07
67411,2023-07-28
65156,2024-08-27
67277,2016-11-09
56704,2015-08-30
51969,2017-06-01
54937,2017-12-07
52113,2020-07-31
50879,2023-03-22
69076,2017-11-01
62990,2020-12-05
57278,2017-04-25
55710,2020-01-24
62079,2023-02-15
56688,2018-12-14
56419,2017-08-08
60432,2019-02-10
59983,2015-12-23
69074,2023-06-05
54630,2015-10-31
58863,2019-12-30
54668,2019-12-29
64164,2021-08-09
50386,2018-04-17
54187,2016-10-14
55346,2018-04-30
52196,2019-09-15
64991,2018-08-22
62635,2019-04-29
51078,2015-08-30
56287,2022-07-28
55934,2021-06-07
68513,2018-09-26
69718,2017-04-11
63364,2015-12-13
58073,2021-10-02
67021,2018-10-24
59544,2017-10-29
69095,2020-02-13
63356,2016-01-25
68632,2018-07-08
52849,2023-04-07
62792,2022-10-20
57723,2018-01-12
50813,2023-11-10
61194,2021-02-14
55136,2021-01-09
58511,2022-12-10
57435,2019-02-14
66477,2023-12-04
50937,2018-08-14
61966,2023-11-19
51693,2017-06-11
56217,2023-02-05
59460,2017-05-09
62528,2021-01-12
65485,2021-01-25
55793,2023-05-29
62267,2015-08-04
52222,2024-04-08
65758,2017-08-05
54694,2024-02-15
60109,2021-10-24
55108,2020-12-11
63481,2016-01-30
54746,2024-05-23
51605,2022-11-03
67396,2016-03-25
66864,2021-04-01
58214,2019-11-25
51093,2020-07-14
63885,2017-01-20
56312,2016-01-19
59013,2020-09-10
50352,2016-04-02
64783,2022-04-08
51531,2018-11-13
63592,2022-08-28
65216,2017-11-17
61541,2015-11-30
50219,2020-09-12
56814,2022-09-30
55358,2023-08-07
65730,2018-04-08
63044,2015-05-17
51454,2022-01-08
64933,2016-05-19
54741,2018-09-26
52815,2019-08-21
57887,2016-01-06
54974,2017-03-17
51183,2018-07-19
60036,2023-05-31
53948,2021-09-07
53190,2023-02-06
64481,2024-05-12
69827,2023-01-13
59624,2019-10-14
51007,2015-07-22
52326,2021-04-03
60646,2018-06-30
69524,2023-03-19
67726,2020-05-23
55744,2024-01-04
62681,2024-09-02
64584,2021-11-06
69258,2016-08-21
61882,2015-03-16
51028,2021-10-07
54070,2022-03-10
68573,2018-08-16
64653,2022-07-21
56651,2017-07-19
65784,2024-04-05
67649,2023-05-01
54623,2020-05-21
60386,2015-10-10
63671,2018-07-17
64047,2015-07-06
51963,2015-01-24
69875,2021-02-27
51600,2024-12-21
59676,2022-05-28
60953,2020-04-14
54334,2022-03-02
62100,2018-04-21
56956,2023-11-04
68822,2023-07-22
58546,2021-07-15
65975,2015-04-19
63723,2015-08-16
50696,2017-12-19
65631,2015-08-24
63590,2024-09-29
64522,2018-06-20
69918,2021-10-14
59771,2017-12-25
63378,2024-01-03
51035,2024-03-23
60843,2018-01-10
66593,2020-07-27
60422,2015-07-19
60980,2018-04-24
52128,2017-03-22
62188,2023-12-09
55971,2022-07-24
63226,2020-12-24
50994,2018-07-27
65085,2020-03-08
64846,2021-07-26
64946,2019-11-21
50448,2019-10-29
67278,2021-06-15
55454,2020-05-01
53212,2015-08-18
55562,2016-06-08
68912,2019-02-24
53211,2015-07-08
63814,2020-01-31
58967,2019-11-17
67654,2018-12-15
60650,2016-03-27
69715,2018-08-20
53972,2024-11-28
60808,2024-12-16
69545,2015-11-02
61367,2022-11-03
53779,2023-10-23
63080,2015-08-06
56353,2016-12-14
54008,2024-08-19
53777,2024-07-12
67148,2020-12-04
64105,2022-10-17
69146,2021-02-13
69184,2019-08-16
58427,2016-12-14
54338,2016-06-11
58118,2019-11-21
57764,2024-12-05
64013,2016-01-02
63652,2020-11-16
50439,2023-11-29
66534,2018-12-09
53270,2023-08-16
53753,2019-08-23
59114,2022-11-06
59441,2022-01-08
51740,2021-07-27
50607,2018-11-15
67086,2022-08-22
62999,2023-03-14
66973,2019-05-20
68367,2023-08-20
65684,2017-03-15
61038,2022-06-08
55747,2022-10-08
61585,2018-02-10
56271,2016-10-24
58852,2022-02-01
68409,2022-11-25
56601,2021-08-30
61379,2023-06-18
67190,2018-07-29
61606,2023-06-13
56910,2018-12-09
50739,2019-12-20
51995,2022-05-30
50120,2021-03-02
64927,2017-12-05
67610,2019-02-28
67437,2020-01-25
68554,2020-02-05
57294,2020-05-15
53406,2021-08-01
60538,2015-03-26
68467,2018-02-01
58627,2017-05-11
53482,2022-01-15
67819,2016-04-05
50128,2018-12-22
63427,2019-05-28
60611,2020-02-18
65274,2021-06-14
69581,2021-05-16
69286,2019-07-10
62823,2017-07-23
53074,2024-01-07
52381,2016-04-25
52484,2017-07-27
53462,2020-01-18
65232,2020-10-28
57459,2022-05-28
65885,2016-06-09
56886,2016-07-19
65098,2015-11-29
68685,2015-12-16
64971,2016-11-02
50804,2016-07-27
50475,2023-10-02
58609,2024-10-23
56483,2023-12-29
68288,2020-07-24
55558,2024-07-31
63949,2020-10-04
58892,2018-07-26
62522,2016-04-20
54449,2022-12-30
50485,2016-09-26
60423,2022-10-07
69412,2020-02-28
64901,2016-05-28
61227,2019-06-26
69133,2023-06-01
57921,2021-01-31
57912,2015-10-09
52767,2018-11-02
64866,2021-02-09
66507,2016-11-25
61689,2021-12-01
54038,2023-01-28
50857,2025-01-01
66137,2018-02-21
58831,2019-12-08
58804,2016-09-20
61839,2020-10-31
53827,2021-02-03
68128,2021-10-01
55996,2024-10-07
50504,2024-03-12
52960,2022-12-05
57989,2022-05-02
59641,2018-03-09
58110,2019-10-07
55383,2023-02-06
63952,2019-11-25
63139,2024-09-15
67988,2024-02-25
63436,2024-12-30
57726,2021-06-04
62034,2024-07-10
58130,2021-05-02
62788,2018-06-05
58293,2024-07-05
68322,2015-12-06
63061,2016-07-23
53296,2017-01-04
58958,2019-07-12
50116,2017-12-24
55648,2018-09-13
62625,2020-04-16
64748,2019-03-23
57182,2016-04-07
51711,2021-02-18
65958,2018-01-14
55818,2021-05-27
65279,2015-12-15
52481,2020-04-15
60251,2015-05-21
54033,2016-03-09
63348,2020-09-03
66531,2024-08-27
59515,2024-11-02
54611,2021-01-07
55118,2023-03-19
66947,2019-03-28
56386,2021-08-31
65140,2024-03-26
56272,2019-03-21
50342,2019-02-18
50829,2019-01-23
62530,2021-08-19
61552,2017-12-02
59528,2024-12-18
61837,2023-06-09
50314,2023-10-10
61698,2021-07-28
60052,2021-10-29
62864,2020-05-18
66071,2024-04-22
67137,2015-03-26
68262,2015-04-05
54910,2024-06-05
67797,2022-10-15
58874,2015-06-24
68286,2019-04-09
50410,2015-06-30
53796,2020-09-02
52704,2020-12-06
60343,2022-08-29
54982,2015-05-04
58583,2017-01-17
57668,2019-04-09
67518,2017-10-29
67184,2024-02-02
59726,2024-08-02
68154,2015-02-14
57500,2019-05-08
67037,2019-06-30
57721,2023-07-31
51906,2021-06-12
56718,2015-03-28
52175,2021-05-21
56770,2017-05-13
57162,2016-10-08
56505,2023-11-06
68766,2022-05-27
54421,2022-06-28
51273,2021-12-12
50452,2019-02-22
53520,2018-09-03
67478,2019-04-28
59568,2017-01-20
50248,2021-12-07
67816,2018-12-08
51748,2017-01-07
52086,2015-10-04
62493,2024-11-25
63352,2021-08-06
54975,2016-12-24
53499,2022-05-23
63443,2021-04-13
51085,2019-10-15
54936,2018-07-03
56238,2018-01-22
56735,2019-11-21
62984,2018-12-14
64250,2017-06-22
61983,2019-11-29
55923,2024-02-19
67269,2020-04-30
58949,2018-08-05
69451,2018-06-21
54150,2022-11-25
55100,2021-08-27
59513,2024-04-10
63260,2020-10-26
67361,2020-03-27
67038,2020-11-15
53336,2023-11-22
67586,2024-11-08
69820,2017-09-12
63729,2023-12-15
59894,2024-10-05
57651,2021-03-15
52239,2023-03-07
64205,2017-03-06
50252,2018-12-21
58197,2020-06-28
54707,2019-03-25
58144,2019-11-13
52715,2016-07-12
68080,2021-07-22
59530,2019-07-05
60342,2018-07-11
65291,2017-01-18
50327,2017-03-08
54981,2016-04-02
57439,2018-02-24
56648,2022-02-17
56259,2017-06-15
59048,2019-08-25
53394,2017-09-09
67665,2017-08-13
69415,2023-01-19
66118,2022-08-20
51338,2017-03-23
53169,2017-07-06
62861,2023-09-16
69815,2016-04-06
52394,2017-08-27
69916,2022-06-25
65180,2022-11-08
55924,2017-03-01
66298,2015-08-10
52744,2023-09-13
55006,2023-02-14
68717,2021-01-18
69614,2018-01-18
61644,2017-11-16
54120,2016-11-05
52091,2020-03-13
57444,2018-02-20
58732,2015-12-30
64405,2015-06-03
55703,2016-03-22
53801,2015-10-08
61420,2017-08-02
52009,2020-06-11
51494,2015-12-13
59283,2021-01-30
57790,2015-10-24
53849,2020-12-09
65651,2022-12-07
69144,2021-04-20
68552,2022-08-08
69250,2022-08-01
54195,2022-09-23
51513,2024-07-06
52749,2020-12-28
68212,2023-04-01
53734,2016-10-20
57655,2022-04-16
52347,2024-06-18
52520,2015-12-04
50719,2018-08-15
50140,2023-11-12
67948,2015-04-07
67763,2016-08-16
52445,2022-04-09
55199,2022-09-09
51403,2021-12-02
66322,2016-12-31
51731,2024-10-10
59261,2020-10-26
53722,2017-09-08
67841,2021-04-21
69737,2017-11-18
58122,2015-10-14
59532,2023-04-08
67731,2017-03-06
68907,2022-07-19
64284,2021-01-01
54075,2019-07-31
59050,2019-07-02
56439,2016-08-02
52268,2015-12-14
52831,2023-05-01
60496,2024-07-16
64178,2023-01-25
62292,2017-06-20
58367,2018-06-05
66895,2015-02-27
58467,2023-06-28
52933,2017-10-25
63785,2015-03-29
66076,2021-07-15
62951,2022-04-27
52947,2018-08-28
67515,2017-04-27
61293,2021-03-07
69607,2023-05-04
59391,2024-12-21
59294,2023-07-29
67748,2020-05-25
56163,2019-01-29
59759,2017-10-27
58545,2017-01-14
52580,2022-10-22
54388,2022-10-19
61226,2016-06-30
68150,2016-12-29
54833,2018-05-03
59392,2017-08-30
56706,2023-05-05
66193,2016-03-03
52627,2023-03-11
59099,2021-10-08
60873,2023-08-20
56889,2020-10-26
69365,2022-06-09
55688,2021-05-19
54950,2023-03-23
64307,2020-11-16
61331,2022-03-07
69491,2015-07-07
51806,2019-04-16
63812,2023-05-12
61998,2023-04-07
66481,2024-02-09
58509,2015-04-25
69716,2023-09-04
58576,2020-06-14
54878,2019-07-10
60880,2017-09-18
51148,2017-08-30
56077,2021-08-20
56310,2021-02-11
56211,2024-02-22
66880,2019-07-18
55715,2020-12-16
65993,2022-12-10
65144,2024-10-16
63303,2015-07-20
50425,2023-02-27
57361,2016-10-29
69417,2020-07-19
57242,2020-10-20
65704,2016-02-12
59996,2023-10-16
65487,2022-01-03
52178,2023-09-05
57052,2024-06-09
56406,2020-05-16
55352,2019-03-09
62907,2021-02-23
51607,2016-10-09
53063,2017-12-12
67403,2021-11-03
53489,2015-04-13
54202,2018-11-09
68506,2016-02-17
67688,2023-05-07
66599,2022-12-27
52806,2019-04-19
62350,2021-09-25
68690,2023-05-05
56249,2015-04-22
59705,2021-06-06
56915,2024-04-26
64038,2022-10-10
54032,2015-10-11
54450,2024-06-25
61263,2015-07-21
68577,2020-08-13
53529,2019-07-28
68788,2021-11-09
65570,2016-05-09
67683,2020-04-29
52320,2024-12-28
62784,2019-06-06
58100,2025-01-18
53510,2022-07-06
61341,2024-07-18
58166,2023-07-17
55395,2020-04-04
58026,2025-01-15
54394,2018-03-21
54591,2016-06-13
66145,2019-01-15
51053,2021-07-13
60331,2021-03-19
66862,2018-07-11
52579,2018-12-10
60505,2015-04-04
69883,2015-12-02
58353,2022-07-08
67459,2021-08-31
69376,2016-03-21
54725,2024-12-08
68919,2024-01-06
52233,2017-03-19
52778,2021-09-28
65132,2017-02-15
51291,2020-06-09
64762,2019-02-11
52208,2021-09-01
53450,2017-08-04
65250,2021-12-20
59510,2018-09-12
53036,2017-04-25
66263,2021-08-27
66818,2015-07-07
65338,2015-12-03
60183,2015-04-01
52999,2015-10-06
56760,2024-02-12
52266,2020-04-29
57338,2016-02-17
60677,2023-02-09
54506,2015-07-20
68427,2015-03-23
69202,2023-03-13
56693,2017-09-27
64802,2021-09-04
64031,2018-10-12
53107,2024-06-15
50222,2023-03-25
68357,2022-04-03
61826,2019-02-27
53051,2023-05-30
54286,2017-06-11
67542,2022-01-16
62247,2018-05-19
50211,2021-01-27
68239,2016-06-07
51912,2020-04-23
50500,2018-10-19
55000,2019-03-25
67918,2024-06-25
67267,2020-08-10
58749,2018-10-26
63684,2024-08-09
50181,2015-09-12
68927,2015-04-20
63685,2019-06-01
62001,2015-04-23
68843,2018-12-18
61795,2019-03-09
57268,2017-10-29
52421,2023-11-01
65826,2024-12-21
68203,2016-02-27
65635,2021-06-08
64889,2022-10-11
50467,2016-01-11
65058,2024-09-28
50060,2019-11-17
54203,2018-07-27
68077,2023-01-14
57485,2019-03-23
51581,2023-08-04
57285,2017-07-06
69828,2024-12-04
66234,2020-08-21
59394,2019-06-08
52699,2018-02-19
54565,2015-08-29
61404,2018-02-25
54200,2016-10-26
69839,2015-03-20
64903,2015-11-16
57158,2023-12-04
52974,2015-02-11
57842,2022-02-26
64767,2017-01-28
63635,2017-03-26
57696,2019-09-20
55935,2024-10-23
63876,2019-06-09
67226,2018-12-08
55216,2021-09-01
61433,2017-09-03
61166,2020-01-12
61366,2020-02-15
56627,2018-06-06
53596,2021-08-10
63086,2023-06-24
55273,2021-06-24
55628,2019-01-19
62011,2022-02-26
64842,2022-05-24
60073,2021-05-30
64752,2016-01-28
57325,2019-10-13
58633,2021-11-03
64109,2019-08-19
51298,2015-08-25
60367,2024-04-14
63249,2019-02-09
50201,2020-11-14
51457,2021-03-24
60560,2022-04-14
59801,2018-03-06
58454,2024-01-29
59652,2020-12-30
58893,2015-10-21
68545,2018-08-16
60264,2017-10-03
51203,2024-03-06
65968,2019-06-20
53644,2020-09-13
60991,2020-06-24
60724,2024-02-02
60357,2023-12-05
53129,2016-10-23
54352,2019-07-17
69403,2024-03-26
65879,2023-03-24
53012,2018-12-27
55091,2016-10-05
67108,2016-03-03
52622,2017-06-01
51535,2017-11-15
68179,2016-07-16
53837,2017-11-03
67767,2021-05-16
61521,2020-09-26
66081,2015-08-23
65860,2017-05-09
58551,2019-04-09
65663,2020-09-07
55130,2017-08-17
64009,2023-04-08
53353,2018-03-15
63455,2023-11-16
63759,2018-12-15
54904,2017-04-24
52931,2023-03-06
51088,2023-10-04
65245,2016-04-26
62089,2020-08-16
54885,2019-04-19
64634,2016-06-10
57948,2018-07-20
66824,2024-02-07
65820,2015-06-29
55392,2022-09-24
57246,2018-11-05
65683,2023-01-02
56280,2016-01-07
55195,2019-06-26
64223,2019-11-27
67122,2017-07-28
69673,2018-10-16
67186,2016-03-18
51730,2019-12-14
69915,2021-03-20
69842,2020-08-20
63337,2024-05-21
53311,2022-02-01
62572,2023-10-08
53416,2016-09-01
55862,2021-01-23
65238,2024-12-30
56260,2023-12-13
59620,2021-04-29
55864,2015-12-25
59807,2021-11-27
55850,2021-01-01
52755,2023-06-25
63644,2024-04-03
60193,2020-02-06
58036,2022-12-04
66837,2021-02-15
65028,2024-02-18
60762,2019-06-15
57376,2023-03-30
60710,2015-02-26
55999,2018-11-11
62265,2018-11-13
69734,2019-09-21
69733,2020-05-22
51283,2020-12-08
55291,2024-04-08
60785,2017-12-17
61068,2018-11-17
69689,2024-07-26
54022,2023-12-21
66142,2020-07-09
56827,2023-10-17
68362,2017-08-01
62085,2020-05-25
61052,2018-02-15
58332,2023-09-22
60079,2019-10-07
58994,2017-05-17
59819,2024-05-20
66875,2020-01-25
60647,2021-04-10
63994,2017-10-27
69990,2019-01-02
59711,2018-03-05
56897,2015-07-04
65371,2017-07-26
61680,2015-03-22
58963,2018-11-24
55475,2015-09-17
56403,2023-10-28
53726,2017-11-25
53740,2018-02-19
60222,2022-07-02
63085,2022-11-24
58733,2019-02-24
62492,2024-09-05
56776,2024-02-25
69981,2016-01-29
54292,2018-09-08
53580,2022-12-29
62569,2022-05-30
50929,2017-12-13
56530,2023-04-11
53845,2022-07-12
68144,2020-11-08
60868,2024-08-11
67780,2020-01-17
67401,2021-05-25
56149,2018-12-10
58320,2023-03-04
51816,2016-02-12
56073,2017-08-03
59301,2015-06-18
61848,2019-07-19
69588,2019-03-21
59458,2024-09-10
55834,2022-09-08
69265,2019-03-04
65022,2021-04-23
64378,2021-05-05
58883,2022-07-24
64305,2017-08-19
60490,2024-04-06
61886,2019-02-28
64219,2017-06-15
55904,2019-03-20
57665,2015-01-18
64010,2015-05-31
52130,2022-12-14
69863,2015-03-11
57780,2021-12-15
52741,2021-05-19
67471,2019-12-16
58814,2023-08-26
65173,2016-08-17
60780,2015-11-25
51351,2025-01-15
59059,2015-12-30
63496,2022-12-09
59923,2020-06-08
51523,2016-12-04
56761,2022-05-25
68863,2017-11-30
52798,2020-12-20
57041,2015-02-10
52993,2019-07-16
63752,2024-04-11
65060,2016-10-29
65067,2021-08-11
59756,2024-06-10
59153,2019-12-20
57458,2023-04-15
57684,2018-08-22
67822,2015-03-31
60262,2020-10-12
62965,2015-03-17
50089,2018-01-27
60400,2024-05-08
58973,2024-11-19
66703,2017-12-05
63251,2021-09-14
61163,2024-04-01
68191,2018-05-20
58514,2021-10-05
51444,2019-10-23
59011,2016-07-25
67558,2022-12-23
63250,2016-11-08
67832,2017-11-15
61082,2022-03-29
67949,2019-11-09
52302,2015-05-30
66293,2018-12-14
68255,2015-04-15
52362,2021-10-19
55072,2017-02-20
69639,2020-12-02
62403,2022-01-20
63827,2016-03-14
59265,2016-02-17
60676,2022-03-27
59060,2021-01-13
65528,2024-04-26
64252,2017-01-25
65832,2018-09-16
69558,2020-10-31
62843,2023-06-13
58021,2021-05-17
58304,2017-12-04
56187,2020-11-05
69337,2020-05-06
65410,2016-06-12
55024,2020-05-30
59791,2024-09-26
57840,2019-07-24
54392,2018-09-19
61234,2024-01-05
64540,2018-05-24
54640,2020-04-15
61483,2021-05-20
62954,2021-11-19
69975,2020-01-17
53275,2021-10-25
64735,2018-06-14
59993,2018-04-16
56741,2016-11-19
50258,2019-07-06
62975,2021-03-15
64688,2017-02-13
68644,2022-01-09
69552,2020-04-13
58067,2019-12-08
63104,2019-07-03
51769,2020-05-16
67090,2017-02-11
55060,2019-05-16
57093,2019-11-29
64603,2017-04-16
60312,2024-04-07
58802,2022-06-17
60578,2019-02-24
69483,2016-11-20
50347,2016-04-11
55149,2019-01-24
68009,2022-08-07
55021,2017-10-23
54345,2021-12-05
62865,2024-03-18
56302,2022-06-10
52982,2022-03-24
52415,2016-02-06
65598,2015-06-30
58798,2015-09-23
67551,2015-12-25
59412,2023-08-26
56076,2016-06-27
53530,2024-01-30
66523,2015-06-10
68440,2017-12-09
62580,2022-03-03
60291,2018-09-04
66752,2023-10-09
52066,2015-05-02
51705,2015-07-13
58142,2021-12-10
52085,2017-04-02
68812,2017-02-11
50104,2021-02-17
67530,2016-12-12
55381,2021-09-12
64207,2024-11-14
51789,2018-08-25
68170,2018-11-01
65402,2016-12-16
54619,2023-02-16
62585,2024-06-24
67497,2017-07-13
54190,2015-05-01
54000,2021-03-20
62365,2024-09-22
66095,2024-12-27
58324,2024-06-04
61733,2022-04-10
53923,2020-11-07
61228,2021-08-22
62533,2015-10-12
62087,2021-01-05
53699,2019-11-01
55278,2024-01-24
61799,2018-04-14
50058,2023-11-29
67725,2015-08-08
69122,2019-06-10
55514,2020-05-31
51490,2023-10-11
61626,2018-03-28
59438,2016-05-09
69884,2019-08-13
52468,2022-10-28
59743,2024-02-29
57054,2024-01-07
52027,2019-12-08
52813,2020-09-05
60250,2018-10-09
64993,2021-05-05
59017,2021-08-20
62385,2024-03-10
58855,2019-05-12
64649,2016-09-09
66527,2016-07-28
61567,2021-07-21
66207,2018-01-20
67834,2017-05-18
50380,2020-03-28
66773,2019-12-31
51528,2016-11-03
57899,2018-02-06
56562,2020-02-18
52389,2022-11-18
59882,2017-10-21
56691,2018-11-17
56921,2016-01-06
69087,2018-08-24
65577,2019-10-24
65468,2024-12-12
60885,2023-06-01
67810,2019-08-29
58057,2024-05-21
65685,2022-04-30
62793,2018-07-01
59290,2023-12-27
56594,2023-11-03
54784,2015-10-02
53426,2016-09-10
50912,2021-11-19
69507,2016-06-11
66325,2015-10-23
64845,2022-12-22
61659,2016-12-19
65656,2018-03-09
54985,2018-08-22
53770,2022-09-06
56089,2017-11-24
51982,2024-10-17
56558,2017-10-28
66405,2016-03-24
55762,2024-12-07
64723,2023-11-21
55835,2017-05-18
57354,2021-04-10
57783,2017-03-15
53785,2023-07-11
68627,2015-08-17
64327,2022-06-22
51536,2016-04-14
63982,2016-09-05
63594,2020-07-08
55422,2019-03-13
60993,2018-12-07
55528,2022-11-16
55184,2019-10-04
52606,2023-03-14
58084,2021-12-22
66410,2018-10-26
57192,2016-10-14
57538,2021-01-14
54521,2023-01-01
57900,2016-08-19
59967,2020-04-27
58138,2017-02-08
69923,2015-10-31
67057,2024-05-21
62241,2022-04-05
54817,2015-06-29
58482,2018-08-08
65381,2015-04-30
53060,2019-08-23
64960,2024-06-26
52449,2017-12-13
65923,2017-07-09
65265,2015-04-12
50004,2021-09-20
66276,2016-01-03
62349,2016-08-04
61067,2020-06-26
63906,2022-06-19
65307,2018-10-24
58643,2019-11-01
58724,2022-06-13
50345,2020-01-05
56189,2024-10-09
67242,2024-03-21
61883,2017-07-02
68278,2021-09-09
62934,2018-04-20
53316,2019-06-04
69388,2016-09-14
55249,2024-05-06
55382,2023-10-13
63709,2015-03-02
50043,2016-03-22
63304,2022-04-18
60260,2020-01-28
50796,2023-12-27
60027,2015-10-18
64308,2015-01-11
52550,2020-03-07
64625,2021-09-04
63611,2022-03-20
57531,2018-03-10
67461,2020-01-26
53101,2021-04-03
66817,2020-05-15
61249,2018-09-09
63824,2024-01-25
50047,2017-08-23
69829,2016-02-06
69382,2020-11-29
54308,2016-02-23
66169,2022-11-30
54230,2017-11-11
54915,2023-02-03
67628,2019-01-22
65911,2020-07-01
59890,2017-07-11
65133,2022-07-08
67813,2024-12-29
58970,2015-12-09
60463,2024-04-22
66786,2020-12-28
55894,2023-09-04
55457,2023-01-04
58301,2022-03-05
62398,2023-03-19
52190,2024-02-29
57918,2016-07-23
64144,2020-11-24
52603,2015-06-28
66671,2016-10-21
59949,2023-08-30
60276,2015-07-31
63771,2023-06-20
64893,2019-01-29
61694,2018-01-22
59124,2020-04-15
54984,2017-06-07
60181,2023-06-17
65364,2019-09-24
62615,2017-12-08
57229,2016-09-14
57884,2023-05-25
63485,2017-08-28
69051,2018-05-06
69035,2016-05-25
67914,2017-02-13
52504,2015-11-05
69392,2022-08-04
54631,2024-11-14
51511,2019-03-13
56286,2018-10-05
65443,2022-04-01
68531,2017-03-28
64836,2021-08-03
63302,2015-08-27
62755,2023-06-24
68744,2022-05-21
69895,2024-04-17
51902,2020-06-25
50709,2022-05-22
66125,2017-01-17
55237,2023-11-26
52496,2021-06-08
50689,2019-03-30
54451,2024-07-20
53185,2021-12-18
61488,2019-08-08
63650,2023-08-26
60586,2016-02-17
52572,2017-05-03
62660,2023-07-17
57732,2016-11-08
58510,2017-12-30
60530,2022-05-20
57150,2023-11-22
67235,2019-03-07
58181,2019-04-27
69134,2019-11-28
61774,2023-03-17
54337,2020-11-25
51431,2023-08-27
61616,2024-02-24
66172,2023-01-15
55538,2016-10-16
66827,2017-11-06
57232,2023-12-17
69236,2023-02-16
52271,2015-09-08
55901,2019-04-30
53508,2021-08-24
66886,2023-08-30
68146,2019-05-03
64160,2021-03-08
64094,2021-07-11
63584,2020-03-28
53172,2016-11-14
53887,2020-08-16
60329,2022-01-12
68297,2024-09-25
54756,2019-08-20
68356,2020-10-19
62506,2022-01-09
60245,2022-01-16
59735,2019-04-13
57366,2015-07-22
62494,2016-11-20
66556,2019-06-28
55785,2024-09-10
67294,2015-06-18
63100,2016-01-20
59381,2016-11-21
62400,2020-10-06
64887,2021-09-10
62860,2022-03-20
64797,2023-11-21
55599,2017-11-19
59053,2023-08-24
65325,2022-03-01
58953,2015-08-16
55801,2016-06-06
56085,2020-04-24
68020,2019-03-06
65343,2016-09-29
69001,2022-09-20
66533,2018-03-23
57878,2015-05-04
52278,2024-06-15
56429,2024-11-04
58247,2019-07-15
67623,2016-02-28
54372,2015-05-05
56960,2016-05-31
59566,2024-06-12
57090,2020-09-30
59902,2021-10-02
56830,2018-09-29
51163,2016-05-18
52865,2016-12-13
67035,2022-08-15
59619,2020-12-03
63161,2016-12-17
57553,2022-04-21
57748,2016-08-28
63541,2015-11-30
64813,2020-08-04
60203,2023-04-26
61061,2022-12-12
65324,2017-03-25
68452,2016-11-19
56988,2024-12-28
68875,2022-04-29
51356,2024-04-03
63909,2022-02-21
58817,2023-04-24
57168,2016-06-08
68464,2022-12-31
58311,2018-05-02
58350,2016-04-26
66612,2017-04-19
62789,2016-04-08
59003,2022-03-01
53902,2019-05-31
60766,2017-01-13
55815,2015-11-11
56221,2018-11-02
50564,2018-02-23
57299,2022-04-06
66067,2019-08-07
62592,2024-05-27
62390,2019-09-15
63583,2023-01-15
52560,2017-10-01
57200,2019-10-02
61597,2020-08-14
50827,2023-04-28
55946,2019-01-10
58824,2021-08-30
66009,2018-11-23
61542,2024-09-08
64812,2016-08-09
50291,2015-04-18
54769,2023-12-06
56673,2017-03-22
55655,2017-01-29
53927,2024-05-23
61627,2024-08-15
57223,2021-03-02
66090,2020-10-19
52899,2015-12-15
63617,2024-09-29
57584,2016-01-03
64458,2018-10-12
50641,2020-10-05
62832,2017-12-25
66723,2020-09-14
69896,2024-07-31
62746,2023-06-17
50483,2023-02-11
56092,2017-05-31
57291,2021-01-04
62953,2015-12-25
67595,2023-07-09
60129,2020-12-12
69471,2015-02-11
69836,2019-08-14
53979,2024-01-06
56422,2017-05-15
53376,2021-12-11
63610,2018-01-04
66925,2024-06-10
54780,2020-08-26
56933,2021-12-09
67687,2019-08-31
67026,2021-07-03
52623,2017-01-20
61929,2024-05-24
68086,2017-10-27
68731,2020-01-17
54581,2019-05-05
65096,2017-12-30
62316,2017-04-01
62472,2024-09-12
59203,2020-10-12
66205,2023-09-25
56464,2021-03-20
61711,2018-10-14
51154,2021-01-18
66497,2020-05-16
59927,2016-09-06
67966,2017-09-27
66970,2020-03-07
66829,2024-08-08
61904,2019-10-21
59202,2017-02-16
67671,2017-05-18
55636,2015-02-23
54881,2023-10-08
64659,2019-04-24
54025,2015-10-04
57201,2019-05-01
58188,2016-09-06
54511,2016-10-27
54073,2017-12-22
61025,2021-10-19
68865,2022-01-27
67225,2017-01-28
69661,2017-11-09
67064,2019-12-17
50853,2019-06-29
50468,2015-10-07
56663,2024-08-15
62326,2020-10-06
66819,2024-04-19
60498,2019-11-30
66755,2018-04-03
69972,2020-02-29
61496,2024-05-27
60733,2016-08-27
50737,2019-07-31
58137,2018-01-19
61124,2020-12-24
61794,2020-09-14
62091,2021-12-18
61508,2021-02-06
50451,2015-11-11
60947,2019-08-16
57015,2016-10-15
52458,2017-08-16
56864,2021-01-02
65425,2016-08-09
67991,2019-08-04
52393,2019-09-27
65781,2023-08-08
58723,2016-06-10
62093,2019-09-11
54837,2019-03-18
51145,2024-07-07
64554,2024-09-24
69965,2019-03-05
55413,2019-08-20
61184,2023-07-07
52134,2022-09-24
52938,2023-01-06
63625,2021-09-25
63867,2015-04-18
62234,2018-03-23
50042,2015-12-21
53283,2020-10-27
62690,2015-10-24
63307,2022-09-15
61231,2023-01-18
51867,2015-05-13
64429,2024-07-31
52451,2023-10-31
53071,2017-11-19
60506,2015-10-17
63699,2023-05-27
51124,2024-02-09
52335,2016-03-16
69015,2021-03-27
63133,2024-12-08
69002,2023-10-17
65567,2022-09-05
52409,2019-02-07
67818,2024-05-25
59459,2015-04-05
64218,2022-12-02
51348,2024-10-05
55926,2015-02-02
58356,2020-01-14
55344,2016-01-16
59049,2019-03-13
53888,2021-12-03
55333,2018-03-04
69476,2015-08-03
67695,2018-12-29
69333,2022-06-13
50036,2021-07-01
57480,2017-12-14
68391,2015-03-10
60205,2021-01-31
56602,2023-11-11
69738,2016-09-14
55837,2024-11-11
52316,2022-03-05
64967,2015-06-07
52700,2015-04-28
50622,2022-08-31
51979,2020-03-06
65012,2018-11-03
50324,2016-07-31
58731,2021-02-10
62741,2019-04-29
52309,2021-12-12
53487,2019-05-25
63012,2019-06-30
55019,2021-08-19
60125,2022-06-23
51228,2019-10-05
54169,2017-06-20
57725,2024-05-26
58680,2015-12-15
69044,2021-05-11
63992,2016-02-16
69666,2019-12-14
66560,2020-07-01
61415,2018-05-31
64279,2018-10-10
68728,2015-02-11
54098,2019-08-07
53572,2019-10-08
61016,2015-08-03
53044,2021-07-17
56378,2016-05-25
59377,2018-02-12
67317,2021-07-10
55353,2024-03-26
57663,2016-06-27
61944,2020-09-30
55991,2020-08-09
56428,2023-08-09
60995,2016-02-15
68635,2019-10-26
54448,2016-05-06
51262,2024-05-17
63065,2022-11-08
55684,2023-02-11
67729,2019-09-24
55997,2019-12-26
65974,2019-05-28
63686,2021-06-06
64898,2021-05-02
58198,2019-10-05
52772,2020-01-03
56686,2020-04-22
68751,2022-10-29
66466,2016-08-11
69844,2019-05-29
68338,2022-11-18
52251,2022-06-27
62180,2023-12-05
62802,2021-08-04
53249,2024-12-25
68085,2023-02-25
52754,2016-09-15
58704,2022-07-23
58059,2021-07-08
64696,2023-03-17
58249,2021-10-03
58183,2022-03-04
61984,2022-08-22
54700,2015-09-13
57925,2019-05-20
59076,2022-02-05
50424,2021-04-15
67647,2017-05-24
59889,2021-05-14
59505,2022-01-15
66139,2024-08-06
67062,2024-02-06
53687,2018-04-29
53143,2021-12-13
67100,2023-07-01
65847,2018-09-11
63048,2023-09-23
56434,2015-05-30
51714,2021-05-29
50032,2023-02-05
61057,2024-09-26
64166,2015-09-01
51434,2016-07-26
62898,2018-03-09
52253,2021-04-11
61938,2015-12-27
56441,2017-02-28
61120,2019-11-14
50648,2018-02-21
57758,2021-11-06
60447,2021-04-03
59862,2020-10-29
57804,2019-04-30
67766,2021-03-09
51322,2018-04-21
65149,2018-12-28
55150,2022-03-14
63021,2018-04-16
56815,2017-06-22
58613,2015-02-16
60232,2023-09-03
65466,2020-10-25
53377,2021-08-08
63910,2019-10-21
66072,2017-10-23
54255,2016-01-16
52535,2017-11-24
59535,2021-09-03
59335,2024-08-25
51625,2020-12-02
51430,2015-09-20
53223,2022-12-15
57705,2017-06-25
50218,2019-12-24
51863,2017-03-18
61374,2016-12-12
50266,2022-12-11
51397,2018-09-16
68792,2021-05-29
58690,2020-05-04
65033,2019-01-31
62923,2019-07-09
58765,2016-10-25
52880,2015-06-18
69215,2022-05-23
58584,2021-01-05
67885,2019-05-23
63034,2019-10-21
52860,2023-07-05
58362,2017-10-26
62397,2020-01-15
62841,2019-02-03
62808,2017-12-25
63130,2015-12-14
59689,2016-04-24
64863,2018-04-20
57094,2021-02-16
56927,2020-06-16
54348,2018-10-01
67474,2024-11-28
62883,2024-10-16
51633,2017-08-08
64962,2024-04-16
60118,2023-05-07
53469,2016-12-27
59052,2024-01-02
57607,2015-12-08
58228,2024-10-10
67770,2019-04-10
59594,2019-04-05
56473,2017-02-15
62507,2018-08-01
50388,2016-02-12
53711,2023-09-28
65852,2022-03-29
55588,2015-05-21
54259,2020-12-08
51036,2019-05-18
52044,2016-05-20
64106,2020-07-14
63967,2021-07-30
69162,2022-07-13
52642,2021-10-21
55724,2016-09-30
66588,2017-06-20
63881,2016-07-28
51555,2021-02-06
51612,2015-09-23
68668,2016-10-02
51164,2021-02-20
65228,2024-06-02
63114,2015-11-06
64530,2024-08-08
52648,2024-08-09
65261,2022-07-06
63805,2021-03-13
66456,2022-09-15
53913,2015-09-06
56479,2015-06-22
69209,2015-12-30
53523,2024-11-19
67959,2020-02-27
65075,2023-11-15
58212,2018-07-03
52004,2015-11-16
69358,2020-01-27
57452,2024-01-11
63275,2022-06-21
50018,2024-09-19
52021,2019-12-26
56936,2015-11-09
51329,2024-07-10
51445,2022-01-11
54473,2015-05-14
56244,2021-11-04
50706,2020-04-19
50279,2023-12-25
68562,2021-12-05
58676,2015-09-07
66600,2017-01-21
64324,2024-03-02
63366,2021-04-03
50274,2016-11-11
55145,2022-04-13
58617,2018-07-15
50514,2018-12-29
66470,2018-06-18
55103,2024-12-07
55035,2021-04-11
64399,2021-01-27
54085,2022-09-17
60874,2016-03-20
61218,2018-07-26
52406,2024-04-26
67609,2021-03-06
57517,2022-09-29
58853,2018-10-05
59982,2024-12-21
60405,2016-03-18
68224,2016-05-11
63593,2016-08-24
66179,2018-05-24
55349,2017-06-03
54029,2023-02-12
59417,2016-04-07
62045,2019-04-12
53459,2018-05-04
52200,2024-01-23
57763,2016-11-11
51428,2020-07-23
59925,2015-08-07
58919,2018-12-31
67505,2022-10-23
53821,2024-08-24
56127,2023-05-27
64517,2023-11-30
59772,2020-11-11
65573,2021-05-18
64593,2021-01-15
61019,2021-09-18
56847,2019-02-06
53586,2015-07-04
61859,2021-05-17
63886,2020-03-30
64995,2015-06-22
60512,2020-08-21
58995,2015-02-16
66382,2016-10-21
65342,2024-05-05
65566,2023-03-25
56463,2022-10-02
64003,2015-06-11
61192,2019-08-31
58055,2023-05-31
56162,2021-08-27
56424,2019-04-22
54179,2022-02-20
52930,2019-03-05
69374,2017-12-13
51706,2016-02-15
67295,2016-02-18
69999,2018-11-14
67889,2021-03-12
67802,2019-11-23
58338,2021-08-29
55020,2023-08-27
50477,2021-03-10
67093,2024-11-15
58878,2020-07-31
66069,2016-09-04
54601,2023-05-05
52236,2024-09-21
59998,2016-05-21
57251,2024-01-10
63362,2024-01-05
69776,2017-11-29
61908,2020-07-30
56336,2020-06-10
69664,2016-03-06
68376,2016-08-17
67673,2020-05-19
58834,2016-05-21
58029,2019-06-21
52827,2015-06-18
54635,2023-01-10
54287,2018-10-03
59560,2022-11-10
53069,2019-03-20
68081,2020-10-26
53112,2023-07-14
53214,2020-07-24
50971,2022-07-06
69535,2017-08-19
52035,2024-04-04
60352,2016-06-23
68556,2024-04-10
57669,2017-03-23
53573,2021-11-17
65018,2021-11-03
66511,2021-04-01
67908,2016-12-15
59092,2016-01-30
68988,2024-07-11
69221,2021-12-06
58577,2021-10-13
56757,2020-05-14
69138,2021-01-15
58772,2021-02-13
66384,2017-01-28
61805,2015-06-11
65469,2020-10-16
59126,2020-11-28
53367,2022-07-08
68261,2016-05-19
67067,2022-12-24
63411,2021-06-09
64098,2022-10-23
66659,2018-12-01
62190,2024-06-04
69292,2018-12-28
50734,2019-04-02
64533,2023-05-01
68894,2022-07-14
66471,2021-11-04
68032,2021-05-23
52949,2023-07-24
68780,2022-10-01
56585,2017-01-08
55554,2018-07-26
52118,2023-10-14
66244,2017-02-10
68726,2017-12-03
65977,2024-06-29
63790,2018-09-12
66942,2018-05-16
53861,2023-04-20
54795,2015-05-19
56071,2019-05-27
68241,2024-06-12
61092,2021-05-21
62835,2016-03-28
66484,2021-07-16
68295,2015-08-23
55032,2018-08-15
66945,2019-04-01
53243,2017-07-02
56142,2018-09-27
66267,2022-04-20
57269,2021-10-06
61466,2017-02-19
54376,2015-10-04
56282,2024-04-12
51442,2024-05-01
52387,2015-06-17
56046,2019-11-08
68569,2015-04-27
53700,2016-09-15
57560,2017-02-08
67574,2016-01-31
53799,2019-08-07
52215,2017-02-22
60448,2022-12-02
53822,2018-06-11
62610,2023-12-01
68006,2023-08-05
57404,2023-05-02
63401,2016-09-03
57595,2022-09-05
54266,2022-06-02
67201,2018-09-15
66581,2024-02-29
62263,2020-02-04
57590,2022-12-09
57454,2017-08-02
55771,2020-05-11
59368,2018-02-21
56003,2015-02-23
56707,2020-07-02
54744,2023-05-19
58189,2015-01-27
52146,2020-05-04
52795,2021-09-21
50922,2022-11-26
51087,2016-06-01
62643,2022-10-09
51839,2022-12-08
63619,2015-02-26
57304,2015-03-28
60049,2019-12-24
50978,2017-10-19
56660,2019-07-30
66021,2015-09-24
60441,2018-02-06
64877,2024-07-11
50652,2023-07-01
57199,2023-10-27
55275,2024-07-06
69319,2024-04-04
51363,2020-07-07
59843,2021-09-09
54820,2023-06-16
54220,2020-07-24
56880,2020-07-22
58655,2020-12-30
53475,2022-07-11
67188,2019-08-28
55117,2015-11-04
57976,2015-07-18
57518,2020-06-24
64237,2016-01-15
55439,2023-01-22
51289,2015-11-03
68034,2018-02-24
58547,2018-12-26
61800,2020-12-06
60173,2022-10-02
67224,2023-12-06
60978,2019-06-19
68614,2016-05-28
55551,2024-12-11
68158,2016-12-14
67799,2020-09-10
56881,2023-07-26
61861,2022-08-21
52989,2024-08-01
64675,2020-03-14
55955,2025-01-28
53264,2024-02-11
50328,2017-08-01
56425,2022-05-08
59615,2024-07-08
67063,2023-03-07
57718,2018-06-13
67131,2017-07-11
51808,2018-03-26
55023,2023-01-15
60014,2017-09-03
63928,2017-09-19
59561,2016-03-06
67324,2023-10-18
66271,2021-02-20
51384,2024-08-16
53473,2024-12-28
69901,2024-12-23
52151,2020-12-02
55503,2019-09-14
61336,2023-06-09
65217,2019-10-01
59712,2022-11-18
52753,2018-04-13
51713,2024-03-26
63656,2018-03-19
64690,2019-01-06
68180,2016-09-30
61751,2017-05-08
66657,2023-11-03
63349,2018-06-05
64130,2017-05-21
64728,2023-12-26
69674,2016-01-31
54526,2021-08-23
50170,2016-04-17
54673,2016-02-24
56502,2016-11-07
52879,2022-06-03
56064,2018-09-24
67288,2023-04-25
61956,2018-03-01
60952,2015-08-18
60390,2020-09-01
63658,2024-11-07
56137,2015-11-01
60302,2015-08-28
55938,2023-10-29
61885,2019-08-14
62295,2016-02-22
53324,2023-12-02
64830,2016-08-22
53471,2017-12-20
63399,2017-04-25
62786,2024-06-27
66972,2018-08-17
60382,2019-01-23
68247,2024-12-16
55569,2017-08-14
50138,2023-12-27
57030,2023-04-07
59424,2018-05-19
59842,2023-08-31
55226,2023-07-10
62713,2023-05-21
59752,2018-06-02
57766,2018-10-20
58049,2020-11-30
52141,2018-09-11
53001,2015-06-29
54739,2017-03-04
69656,2019-04-18
57949,2017-05-15
54442,2024-10-18
57474,2024-07-25
56670,2024-05-28
56550,2023-03-15
54353,2024-09-09
51398,2019-05-07
68872,2022-10-27
52142,2015-03-23
68514,2024-09-30
60964,2017-07-18
61786,2024-01-21
63605,2017-09-16
61814,2022-11-18
61851,2020-07-19
54615,2018-12-26
66641,2019-02-06
69874,2018-07-08
67697,2024-02-16
68706,2016-04-05
56836,2015-04-22
61388,2016-11-16
66504,2018-05-02
52313,2015-12-23
54198,2024-03-02
63588,2022-12-31
68465,2017-08-17
54829,2022-02-14
55200,2016-07-05
63028,2018-06-11
58543,2017-04-12
56226,2025-01-07
54389,2019-06-05
61056,2024-04-27
62455,2018-05-05
69071,2017-09-09
61678,2023-05-21
62010,2016-01-07
58087,2020-05-22
65995,2017-02-08
50715,2019-11-19
55668,2016-08-19
69992,2016-12-04
62536,2018-06-23
67300,2017-03-05
62645,2024-09-03
52677,2022-02-25
66530,2016-03-09
65552,2020-04-01
50007,2017-08-28
52911,2020-05-23
55633,2018-02-13
61551,2016-12-05
58349,2022-08-13
60581,2016-09-06
52555,2021-10-14
54547,2015-12-10
64413,2017-10-14
65913,2018-09-16
59896,2015-09-22
60720,2019-08-13
67386,2024-05-17
67017,2023-05-18
61936,2022-05-13
66986,2024-02-28
51024,2024-05-29
69446,2019-02-19
65484,2015-02-02
69398,2024-08-05
52248,2016-12-13
57286,2016-08-01
63707,2019-07-08
61147,2016-01-19
63056,2020-05-02
61044,2020-09-28
54280,2024-09-09
55360,2015-05-26
58154,2015-12-20
56955,2021-08-03
61434,2020-03-24
64477,2023-02-14
64314,2018-05-30
67811,2023-09-04
59774,2019-06-09
52112,2016-09-15
52877,2015-06-22
58507,2022-07-11
59730,2024-12-17
53205,2021-02-25
54942,2022-06-18
54464,2018-06-28
58125,2018-12-05
63153,2023-12-05
50559,2017-07-19
62288,2017-12-15
53618,2017-11-30
55334,2019-01-18
63741,2020-08-13
58478,2022-09-15
54167,2017-10-27
68510,2023-04-16
62142,2016-09-09
57701,2016-08-22
55217,2019-02-21
56620,2016-06-01
52797,2021-10-08
65697,2024-10-20
62891,2023-10-11
54154,2020-02-20
57627,2015-01-29
69009,2019-11-08
67025,2023-09-11
61283,2017-03-30
65101,2018-06-09
54443,2022-07-10
67742,2015-12-06
68400,2017-01-26
59061,2017-12-09
62152,2018-10-19
52352,2020-06-19
69366,2023-03-12
55338,2024-04-23
60970,2015-04-18
56120,2023-10-05
52725,2017-06-10
56591,2017-09-02
57650,2024-08-20
51870,2019-07-23
66902,2024-11-20
60837,2017-10-25
69375,2023-10-23
63295,2023-10-19
56423,2015-03-01
58165,2017-09-26
51200,2020-03-23
53166,2016-03-13
63882,2017-07-12
64426,2020-07-09
63845,2018-11-09
67490,2019-03-14
50716,2023-06-18
53636,2015-08-25
62981,2022-06-21
66509,2024-03-05
63902,2017-07-22
53703,2021-11-03
50362,2020-07-20
53116,2022-05-24
68879,2024-12-04
61757,2020-07-30
54297,2020-11-03
62149,2017-07-12
53490,2016-03-08
68339,2018-05-20
54246,2019-03-04
53590,2018-04-07
52761,2020-11-15
58658,2016-02-09
61797,2016-09-23
57021,2022-03-05
51158,2016-09-28
54825,2016-07-15
69644,2015-08-21
50461,2017-05-29
64676,2024-11-04
67943,2022-04-21
56242,2021-04-01
50292,2019-04-28
57704,2019-02-17
60871,2022-12-08
56135,2019-09-26
67376,2016-08-19
63803,2016-11-14
67753,2017-10-25
56269,2017-09-28
68386,2023-05-01
54326,2015-06-22
58597,2019-11-29
64973,2017-09-28
62658,2024-03-05
52688,2019-11-02
64315,2019-04-22
68653,2018-02-11
56247,2018-11-10
53683,2019-11-09
67577,2016-05-05
63389,2020-02-24
52280,2016-03-19
57649,2023-03-14
56194,2018-12-31
59653,2021-04-24
54979,2018-06-16
58629,2016-07-30
64506,2019-02-03
69400,2022-12-16
69494,2018-08-09
60332,2024-02-04
50231,2024-06-24
61823,2018-01-14
69764,2021-03-19
53257,2017-01-26
61456,2021-08-25
68619,2021-12-09
62322,2022-01-22
66116,2015-09-23
60900,2017-01-04
53411,2024-06-23
66694,2018-06-30
52617,2020-12-14
55886,2015-09-22
60597,2017-01-26
68880,2024-10-09
54740,2018-04-09
64510,2023-01-22
66774,2022-10-30
56811,2018-05-20
55204,2022-01-12
69466,2019-06-13
60171,2017-07-11
53288,2016-09-02
66000,2022-12-27
63695,2018-07-21
53708,2015-12-16
52782,2019-11-01
54973,2020-07-07
56867,2017-09-30
58526,2023-10-07
60228,2019-10-09
54463,2018-01-09
53049,2024-11-11
59559,2024-03-19
61223,2018-03-20
68332,2016-02-18
59234,2021-11-04
63079,2021-12-20
58092,2019-01-09
63465,2018-04-18
59540,2020-09-12
60415,2018-12-15
58242,2020-09-04
56832,2016-12-19
63838,2023-01-03
61947,2019-07-30
69170,2016-07-17
61558,2018-07-29
63175,2018-05-11
61437,2015-12-12
54231,2019-07-11
67684,2017-06-16
64773,2018-08-08
68003,2015-03-25
51958,2021-08-18
50488,2017-05-18
66948,2016-09-17
57699,2024-01-16
52513,2023-12-09
58452,2017-07-01
59792,2019-10-28
59699,2019-04-03
66688,2024-04-15
69113,2023-08-03
63192,2016-04-21
59539,2024-12-22
58859,2024-06-13
59399,2020-09-05
68962,2015-10-09
67865,2018-09-29
64387,2024-07-01
67132,2015-10-08
51021,2024-07-19
65961,2024-05-20
55183,2020-02-05
54849,2019-08-21
60290,2015-09-07
58504,2022-12-07
59799,2019-05-26
64453,2015-09-06
56492,2019-02-03
62104,2024-11-09
65340,2024-03-30
65562,2018-11-19
50135,2019-12-30
61900,2022-04-01
59163,2024-12-16
56267,2016-09-15
54206,2024-08-19
62064,2024-02-02
66443,2023-02-03
58127,2021-01-12
68443,2024-06-22
65215,2024-01-20
68765,2022-04-27
54681,2017-05-17
57509,2015-04-02
68029,2024-05-18
55504,2015-08-10
50486,2020-07-21
61237,2016-04-17
50968,2020-10-16
61458,2023-11-13
56070,2019-01-27
59454,2019-10-11
55355,2021-10-27
62095,2021-07-27
66933,2018-06-19
52226,2019-03-24
63642,2016-08-07
55759,2018-11-26
60147,2016-06-14
62444,2015-04-15
63186,2016-08-06
56207,2021-01-06
56057,2020-05-21
56254,2019-06-19
60535,2020-06-02
60348,2016-04-11
63339,2019-06-25
55351,2015-11-26
53965,2024-10-10
62768,2021-06-29
65643,2023-09-29
60316,2020-07-10
67177,2022-07-15
61141,2019-07-04
53486,2024-03-05
57262,2018-04-07
59348,2017-04-26
56212,2022-06-06
55526,2021-07-28
61613,2024-08-27
66219,2022-06-06
50602,2016-12-07
53509,2018-02-11
60141,2015-04-11
55772,2021-11-21
52857,2018-12-01
54955,2024-03-21
62611,2022-07-26
52168,2022-02-05
52413,2024-11-10
57387,2024-04-25
67831,2016-03-16
